{
    "winner": "LogisticRegression",
    "val_metrics": {
        "accuracy": 0.7715555555555556,
        "precision": 0.551980198019802,
        "recall": 0.745819397993311,
        "f1": 0.6344238975817923,
        "roc_auc": 0.8363572683764282
    },
    "test_metrics": {
        "accuracy": 0.7476901208244492,
        "precision": 0.5174953959484346,
        "recall": 0.7513368983957219,
        "f1": 0.6128680479825518,
        "roc_auc": 0.8352198311340729
    },
    "threshold": 0.53,
    "all_results": {
        "LogisticRegression": {
            "accuracy": 0.7715555555555556,
            "precision": 0.551980198019802,
            "recall": 0.745819397993311,
            "f1": 0.6344238975817923,
            "roc_auc": 0.8363572683764282
        },
        "RandomForest": {
            "accuracy": 0.7724444444444445,
            "precision": 0.5558441558441558,
            "recall": 0.7157190635451505,
            "f1": 0.6257309941520468,
            "roc_auc": 0.8333711240859362
        },
        "XGBoost": {
            "accuracy": 0.76,
            "precision": 0.5336426914153132,
            "recall": 0.7692307692307693,
            "f1": 0.6301369863013698,
            "roc_auc": 0.8351830557062686
        },
        "CatBoost": {
            "accuracy": 0.7697777777777778,
            "precision": 0.5483091787439613,
            "recall": 0.7591973244147158,
            "f1": 0.6367461430575035,
            "roc_auc": 0.8358430442070826
        }
    }
}